Port√°l,ƒå√≠slo,N√°zev pozice,Link,Firma,Lokace,Typ √∫vazku,Datum inzer√°tu,Tag,Plat
jobs.cz,1,Data Scientist for Dataclair AI Centre (m/f),https://www.jobs.cz/rpd/2000198093/?searchId=3fa2783d-a586-472c-81ee-af97a5864250&rps=228,O2 Czech Republic a.s.,Praha ‚Äì Michle,,P≈ô√≠le≈æitost dne,HOT,
jobs.cz,2,Specialista HR dat a optimalizace proces≈Ø s p≈ôesahem do odmƒõ≈àov√°n√≠ a benefit≈Ø,https://www.jobs.cz/rpd/2000336350/?searchId=3fa2783d-a586-472c-81ee-af97a5864250&rps=228,mBank,Praha ‚Äì Karl√≠n,,P≈ô√≠le≈æitost dne,HOT,
jobs.cz,3,Data Scientist / ML Engineer  (Senior/Medior),https://www.jobs.cz/rpd/2000218269/?searchId=3fa2783d-a586-472c-81ee-af97a5864250&rps=233,"Profinit EU, s.r.o.",okres Hlavn√≠ mƒõsto Praha,,18. z√°≈ô√≠,,
jobs.cz,4,Senior MLOps/Data Engineer v‚ÄØAI squadu,https://www.jobs.cz/rpd/2000285223/?searchId=3fa2783d-a586-472c-81ee-af97a5864250&rps=233,"Komerƒçn√≠ banka, a.s.",Praha ‚Äì Stod≈Ølky,,2. z√°≈ô√≠,,
jobs.cz,5,DATA ENGINEER/BI DEVELOPER,https://www.jobs.cz/rpd/2000364030/?searchId=3fa2783d-a586-472c-81ee-af97a5864250&rps=233,"PHOENIX l√©k√°rensk√Ω velkoobchod, s.r.o.",Praha ‚Äì Hostiva≈ô,,18. z√°≈ô√≠,,
jobs.cz,6,DATA ENGINEER - objevuj s n√°mi svƒõt Big Data!,https://www.jobs.cz/rpd/2000247758/?searchId=3fa2783d-a586-472c-81ee-af97a5864250&rps=233,"ADASTRA, s.r.o.",Praha ‚Äì Karl√≠n,,16. z√°≈ô√≠,,
jobs.cz,7,Cloud Data Engineer - Chcete pracovat s Azure / AWS?,https://www.jobs.cz/rpd/2000262758/?searchId=3fa2783d-a586-472c-81ee-af97a5864250&rps=233,"ADASTRA, s.r.o.",Praha ‚Äì Karl√≠n,,16. z√°≈ô√≠,,
jobs.cz,8,Data Scientist and Process Mining Architect,https://www.jobs.cz/rpd/2000278901/?searchId=3fa2783d-a586-472c-81ee-af97a5864250&rps=233,Processand s.r.o.,Praha ‚Äì Karl√≠n,,17. z√°≈ô√≠,,50¬†000 ‚Äç‚Äì‚Äç 65¬†000 Kƒç
jobs.cz,9,Data Engineer - Financial Crime team,https://www.jobs.cz/rpd/2000250773/?searchId=3fa2783d-a586-472c-81ee-af97a5864250&rps=233,"PricewaterhouseCoopers ƒåesk√° republika, s.r.o.",Praha ‚Äì Nusle,,17. z√°≈ô√≠,,
jobs.cz,10,Data Analyst,https://www.jobs.cz/rpd/2000336702/?searchId=3fa2783d-a586-472c-81ee-af97a5864250&rps=233,TIPSPORT a.s.,Beroun ‚Äì Beroun-Centrum,,6. z√°≈ô√≠,,
jobs.cz,11,Senior Data Architect,https://www.jobs.cz/rpd/2000342734/?searchId=3fa2783d-a586-472c-81ee-af97a5864250&rps=233,DoDo Czech s.r.o.,Praha ‚Äì Karl√≠n,,29. srpna,,
jobs.cz,12,Data Science and Engineering,https://www.jobs.cz/rpd/2000311015/?searchId=3fa2783d-a586-472c-81ee-af97a5864250&rps=233,R4U s.r.o.,Praha,,29. srpna,,
jobs.cz,13,Student/ka nebo st√°≈æista v oblasti anal√Ωzy v√Ωrobn√≠ch dat,https://www.jobs.cz/rpd/2000277079/?searchId=3fa2783d-a586-472c-81ee-af97a5864250&rps=233,AERO Vodochody AEROSPACE a.s.,Odolena Voda ‚Äì Dol√≠nek,,13. z√°≈ô√≠,,
jobs.cz,14,"Data, Analytics & Market Intelligence Expert",https://www.jobs.cz/rpd/2000357752/?searchId=3fa2783d-a586-472c-81ee-af97a5864250&rps=233,UNIQA,Praha ‚Äì Vokovice,,13. z√°≈ô√≠,,
jobs.cz,15,Data Engineer / DWH Developer / Lokalita: Praha / Brno,https://www.jobs.cz/rpd/1606074217/?searchId=3fa2783d-a586-472c-81ee-af97a5864250&rps=233,"Komerƒçn√≠ banka, a.s.",Praha ‚Äì Stod≈Ølky,,9. z√°≈ô√≠,,
jobs.cz,16,Data Analyst pro E-commerce (JPO13636),https://www.jobs.cz/rpd/2000312065/?searchId=3fa2783d-a586-472c-81ee-af97a5864250&rps=233,Alza.cz a.s.,Praha ‚Äì Hole≈°ovice,,9. z√°≈ô√≠,,
jobs.cz,17,Marketing Data Analyst,https://www.jobs.cz/rpd/2000322436/?searchId=3fa2783d-a586-472c-81ee-af97a5864250&rps=233,Ko≈°√≠k.cz s.r.o.,Praha ‚Äì Dejvice,,12. z√°≈ô√≠,,
jobs.cz,18,Junior / Medior Data Analyst pro ≈ò√≠zen√≠ rizik a t√Ωm prevence podvod≈Ø,https://www.jobs.cz/rpd/2000351630/?searchId=3fa2783d-a586-472c-81ee-af97a5864250&rps=233,"Partners Banka, a.s.",Praha ‚Äì Chodov,,Aktualizov√°no dnes,,
jobs.cz,19,Data Analyst,https://www.jobs.cz/rpd/2000358726/?searchId=3fa2783d-a586-472c-81ee-af97a5864250&rps=233,NN,Praha ‚Äì Sm√≠chov,,13. z√°≈ô√≠,,
jobs.cz,20,Junior BI/Data analyst - Technology Consulting,https://www.jobs.cz/rpd/2000165046/?searchId=3fa2783d-a586-472c-81ee-af97a5864250&rps=233,"PricewaterhouseCoopers ƒåesk√° republika, s.r.o.",Praha ‚Äì Nusle,,8. z√°≈ô√≠,,
jobs.cz,21,DATA ANALYST & DATA GOVERNANCE SPECIALIST,https://www.jobs.cz/rpd/2000360319/?searchId=3fa2783d-a586-472c-81ee-af97a5864250&rps=233,Raiffeisenbank a.s.,Praha ‚Äì Nusle,,16. z√°≈ô√≠,,
jobs.cz,22,Data Platform Engineer,https://www.jobs.cz/rpd/2000347203/?searchId=3fa2783d-a586-472c-81ee-af97a5864250&rps=233,GIT Consult Czech s.r.o.,Praha,,3. z√°≈ô√≠,,
jobs.cz,23,Data Scientist (m/≈æ),https://www.jobs.cz/rpd/2000339293/?searchId=3fa2783d-a586-472c-81ee-af97a5864250&rps=233,"Kooperativa poji≈°≈•ovna, a.s., VIG",Praha ‚Äì Karl√≠n,,27. srpna,,
jobs.cz,24,Data engineer - Technology consulting,https://www.jobs.cz/rpd/2000165102/?searchId=3fa2783d-a586-472c-81ee-af97a5864250&rps=233,"PricewaterhouseCoopers ƒåesk√° republika, s.r.o.",Praha ‚Äì Nusle,,8. z√°≈ô√≠,,
jobs.cz,25,Azure Data Engineer,https://www.jobs.cz/rpd/2000313417/?searchId=3fa2783d-a586-472c-81ee-af97a5864250&rps=233,"Albert ƒåesk√° republika, s.r.o.",Praha ‚Äì Jinonice,,31. srpna,,
jobs.cz,26,Data Engineer (Data Engineering & Analysis),https://www.jobs.cz/rpd/2000334579/?searchId=fe63de3c-b199-4248-81dc-6f44f3e441b1&rps=233,JetBrains s.r.o.,Praha ‚Äì Nusle,,Konƒç√≠ za 2 hodiny,,
jobs.cz,27,Senior Data Engineer and Team Leader,https://www.jobs.cz/rpd/2000335427/?searchId=fe63de3c-b199-4248-81dc-6f44f3e441b1&rps=233,"IDC Central Europe, the Middle East & Africa",Praha + 1 dal≈°√≠ lokalita,,Konƒç√≠ z√≠tra,,
jobs.cz,28,Senior DWH/Big Data Engineer/Developer,https://www.jobs.cz/rpd/2000280820/?searchId=fe63de3c-b199-4248-81dc-6f44f3e441b1&rps=233,"Komerƒçn√≠ banka, a.s.",Praha ‚Äì Stod≈Ølky,,Konƒç√≠ z√≠tra,,
jobs.cz,29,DATA ENGINEER,https://www.jobs.cz/rpd/2000334136/?searchId=fe63de3c-b199-4248-81dc-6f44f3e441b1&rps=233,Manuvia a.s.,Praha,,Konƒç√≠ za 2 hodiny,,80¬†000 ‚Äç‚Äì‚Äç 130¬†000 Kƒç
jobs.cz,30,Data Engineer pro Daily Banking Tribe (m/≈æ),https://www.jobs.cz/rpd/2000308913/?searchId=fe63de3c-b199-4248-81dc-6f44f3e441b1&rps=233,"Komerƒçn√≠ banka, a.s.",Praha ‚Äì Stod≈Ølky,,26. srpna,,
jobs.cz,31,DS/ML/AI Lead Engineer,https://www.jobs.cz/rpd/2000328397/?searchId=fe63de3c-b199-4248-81dc-6f44f3e441b1&rps=233,"Profinit EU, s.r.o.",Praha,,14. z√°≈ô√≠,,
jobs.cz,32,SW Engineer AI / ML ‚Äì Senior (m/≈æ),https://www.jobs.cz/rpd/2000333435/?searchId=fe63de3c-b199-4248-81dc-6f44f3e441b1&rps=233,O2 Czech Republic a.s.,Praha ‚Äì Michle,,P≈ôid√°no vƒçera,NEW,
jobs.cz,33,Trainee program do oblasti ≈ô√≠zen√≠ kvality dat (m/≈æ),https://www.jobs.cz/rpd/2000365035/?searchId=fe63de3c-b199-4248-81dc-6f44f3e441b1&rps=233,"ƒåSOB ƒåeskoslovensk√° obchodn√≠ banka, a. s.",Hlavn√≠ mƒõsto Praha + 2 dal≈°√≠ lokality,,P≈ôid√°no vƒçera,NEW,
jobs.cz,34,Digital data marketing specialist,https://www.jobs.cz/rpd/2000339961/?searchId=fe63de3c-b199-4248-81dc-6f44f3e441b1&rps=233,VLTAVA LABE MEDIA a.s.,Praha ‚Äì Jinonice,,27. srpna,,
jobs.cz,35,Data Engineer,https://www.jobs.cz/rpd/2000350444/?searchId=fe63de3c-b199-4248-81dc-6f44f3e441b1&rps=233,Publicis Groupe,Praha ‚Äì Libe≈à,,5. z√°≈ô√≠,,
jobs.cz,36,Data Analytics Engineer,https://www.jobs.cz/rpd/2000335209/?searchId=fe63de3c-b199-4248-81dc-6f44f3e441b1&rps=233,"IDC Central Europe, the Middle East & Africa",Praha ‚Äì Star√© Mƒõsto,,Konƒç√≠ z√≠tra,,
jobs.cz,37,Specialista spr√°vy dat,https://www.jobs.cz/rpd/2000292559/?searchId=fe63de3c-b199-4248-81dc-6f44f3e441b1&rps=233,"ƒåEZ, a. s.",Praha ‚Äì Michle,,12. z√°≈ô√≠,,
jobs.cz,38,Expert Master Data Management (all genders),https://www.jobs.cz/rpd/2000363691/?searchId=fe63de3c-b199-4248-81dc-6f44f3e441b1&rps=233,Schleich GmbH,Praha,,18. z√°≈ô√≠,,
jobs.cz,39,"Python Developer - Data engineering, a≈æ 100% home-office",https://www.jobs.cz/rpd/2000198712/?searchId=fe63de3c-b199-4248-81dc-6f44f3e441b1&rps=233,BARTON Consulting s.r.o.,Praha,,6. z√°≈ô√≠,,
jobs.cz,40,SW Engineer for AI Centre (m/f),https://www.jobs.cz/rpd/2000187379/?searchId=fe63de3c-b199-4248-81dc-6f44f3e441b1&rps=233,O2 Czech Republic a.s.,Praha ‚Äì Michle,,18. z√°≈ô√≠,,
jobs.cz,41,Python Developer (Football data & AI focus),https://www.jobs.cz/rpd/2000350418/?searchId=fe63de3c-b199-4248-81dc-6f44f3e441b1&rps=233,Stats Perform,Praha ‚Äì Libe≈à,,P≈ôid√°no vƒçera,NEW,
jobs.cz,42,Blockchain Intelligence Analyst / BigData Analyst / Python / GENEROUS HOME OFFICE,https://www.jobs.cz/rpd/2000363507/?searchId=fe63de3c-b199-4248-81dc-6f44f3e441b1&rps=233,Podproza s.r.o.,Praha ‚Äì Star√© Mƒõsto,,18. z√°≈ô√≠,,
jobs.cz,43,Senior Data Scientist,https://www.jobs.cz/rpd/1637839320/?searchId=fe63de3c-b199-4248-81dc-6f44f3e441b1&rps=233,DoDo Czech s.r.o.,Praha ‚Äì Karl√≠n,,30. srpna,,
jobs.cz,44,Data Scientist pro VML,https://www.jobs.cz/rpd/2000342679/?searchId=fe63de3c-b199-4248-81dc-6f44f3e441b1&rps=233,Wunderman Thompson,Praha ‚Äì Hole≈°ovice,,29. srpna,,
jobs.cz,45,Senior Data Scientist,https://www.jobs.cz/rpd/2000349294/?searchId=fe63de3c-b199-4248-81dc-6f44f3e441b1&rps=233,Gen Digital(Avast),Praha ‚Äì Nusle + 1 dal≈°√≠ lokalita,,P≈ôid√°no vƒçera,NEW,
jobs.cz,46,Data Scientist for movies and TV series - Nova AI Centre,https://www.jobs.cz/rpd/1632282541/?searchId=fe63de3c-b199-4248-81dc-6f44f3e441b1&rps=233,TV Nova s.r.o.,Praha ‚Äì Hluboƒçepy,,31. srpna,,
jobs.cz,47,Data scientist,https://www.jobs.cz/rpd/2000247894/?searchId=fe63de3c-b199-4248-81dc-6f44f3e441b1&rps=233,"ƒåSOB Poji≈°≈•ovna, a. s., ƒçlen holdingu ƒåSOB",Praha ‚Äì Radlice + 1 dal≈°√≠ lokalita,,3. z√°≈ô√≠,,
jobs.cz,48,‚ÄúQUANTITATIVE TRADER‚Äù / ‚ÄúDATA SCIENCE TRADER‚Äù  - INTRADAY TRADING,https://www.jobs.cz/rpd/2000335469/?searchId=fe63de3c-b199-4248-81dc-6f44f3e441b1&rps=233,"ƒåEZ, a. s.",Praha ‚Äì Michle,,Konƒç√≠ z√≠tra,,
jobs.cz,49,Operations BI Analyst,https://www.jobs.cz/rpd/2000343025/?searchId=fe63de3c-b199-4248-81dc-6f44f3e441b1&rps=233,Ko≈°√≠k.cz s.r.o.,Praha ‚Äì Horn√≠ Poƒçernice,,30. srpna,,
jobs.cz,50,Datov√Ω analytik v oddƒõlen√≠ LOGISTIKY (JPO15609),https://www.jobs.cz/rpd/2000360761/?searchId=896f214a-2b61-44a1-a4ce-5bdd9720a44c&rps=233,Alza.cz a.s.,Praha ‚Äì Hole≈°ovice,,16. z√°≈ô√≠,,
jobs.cz,51,BI Developer (medior/senior),https://www.jobs.cz/rpd/2000308024/?searchId=896f214a-2b61-44a1-a4ce-5bdd9720a44c&rps=233,SAZKA a.s.,Praha ‚Äì Vokovice,,26. srpna,,
jobs.cz,52,Datov√Ω analytik - logistika laborato≈ôe,https://www.jobs.cz/rpd/2000259295/?searchId=896f214a-2b61-44a1-a4ce-5bdd9720a44c&rps=233,Unilabs Diagnostics k.s.,Praha ‚Äì Vokovice,,29. srpna,,50¬†000 ‚Äç‚Äì‚Äç 80¬†000 Kƒç
jobs.cz,53,Datov√Ω analytik pro statistiku mikrodat (AnaCredit),https://www.jobs.cz/rpd/2000271281/?searchId=896f214a-2b61-44a1-a4ce-5bdd9720a44c&rps=233,ƒåESK√Å N√ÅRODN√ç BANKA,Praha ‚Äì Nov√© Mƒõsto,,P≈ôid√°no vƒçera,NEW,
jobs.cz,54,BI ANALYST - ESIF,https://www.jobs.cz/rpd/2000363669/?searchId=896f214a-2b61-44a1-a4ce-5bdd9720a44c&rps=233,Raiffeisenbank a.s.,Praha ‚Äì Nusle,,18. z√°≈ô√≠,,
jobs.cz,55,BI/DWH ANALYST,https://www.jobs.cz/rpd/1634690328/?searchId=896f214a-2b61-44a1-a4ce-5bdd9720a44c&rps=233,Raiffeisenbank a.s.,Praha ‚Äì Nusle,,18. z√°≈ô√≠,,
jobs.cz,56,HR Data analytik (m/≈æ),https://www.jobs.cz/rpd/2000359517/?searchId=896f214a-2b61-44a1-a4ce-5bdd9720a44c&rps=233,O2 Czech Republic a.s.,Praha ‚Äì Michle,,13. z√°≈ô√≠,,
jobs.cz,57,Data Analyst,https://www.jobs.cz/rpd/2000359392/?searchId=896f214a-2b61-44a1-a4ce-5bdd9720a44c&rps=233,"ADASTRA, s.r.o.",Praha ‚Äì Karl√≠n,,Aktualizov√°no dnes,,
jobs.cz,58,FINANCIAL DATA ANALYST - MEZIN√ÅRODN√ç FINANƒåN√ç SPOLEƒåNOST,https://www.jobs.cz/rpd/2000357500/?searchId=896f214a-2b61-44a1-a4ce-5bdd9720a44c&rps=233,DRILL Business Services,Praha,,12. z√°≈ô√≠,,
jobs.cz,59,Senior Business Data Analyst,https://www.jobs.cz/rpd/2000347493/?searchId=896f214a-2b61-44a1-a4ce-5bdd9720a44c&rps=233,"VIG RE zaji≈°≈•ovna, a.s.",Praha ‚Äì Star√© Mƒõsto,,3. z√°≈ô√≠,,
jobs.cz,60,Data Analytik,https://www.jobs.cz/rpd/2000336529/?searchId=896f214a-2b61-44a1-a4ce-5bdd9720a44c&rps=233,MAKRO Cash & Carry ƒåR s.r.o.,Kozom√≠n,,9. z√°≈ô√≠,,
jobs.cz,61,Corporate Real Estate Data Analyst,https://www.jobs.cz/rpd/2000363252/?searchId=896f214a-2b61-44a1-a4ce-5bdd9720a44c&rps=233,"SGS Czech Republic, s.r.o.",Praha ‚Äì Stod≈Ølky,,18. z√°≈ô√≠,,
jobs.cz,62,Data analytik/ƒçka pro provizn√≠ ≈ôe≈°en√≠ v KB,https://www.jobs.cz/rpd/2000364514/?searchId=896f214a-2b61-44a1-a4ce-5bdd9720a44c&rps=233,"Komerƒçn√≠ banka, a.s.",Praha ‚Äì Stod≈Ølky,,P≈ôid√°no vƒçera,NEW,
jobs.cz,63,Data Analytik Junior,https://www.jobs.cz/rpd/2000336366/?searchId=896f214a-2b61-44a1-a4ce-5bdd9720a44c&rps=233,MAKRO Cash & Carry ƒåR s.r.o.,Kozom√≠n,,9. z√°≈ô√≠,,
jobs.cz,64,BI DELIVERY MANAGER,https://www.jobs.cz/rpd/2000354830/?searchId=896f214a-2b61-44a1-a4ce-5bdd9720a44c&rps=233,Raiffeisenbank a.s.,Praha ‚Äì Nusle,,10. z√°≈ô√≠,,
jobs.cz,65,Senior BI Specialist (QlikSense),https://www.jobs.cz/rpd/2000364190/?searchId=896f214a-2b61-44a1-a4ce-5bdd9720a44c&rps=233,EMARK s.r.o.,Praha ‚Äì Nov√© Mƒõsto,,18. z√°≈ô√≠,,50¬†000 ‚Äç‚Äì‚Äç 95¬†000 Kƒç
jobs.cz,66,Senior Data Analyst,https://www.jobs.cz/rpd/2000365464/?searchId=896f214a-2b61-44a1-a4ce-5bdd9720a44c&rps=233,"CTP Invest, spol. s r.o.",Praha ‚Äì Nov√© Mƒõsto,,P≈ôid√°no vƒçera,NEW,
jobs.cz,67,Data Engineer pro VML,https://www.jobs.cz/rpd/2000352802/?searchId=896f214a-2b61-44a1-a4ce-5bdd9720a44c&rps=233,Wunderman Thompson,Praha ‚Äì Hole≈°ovice,,9. z√°≈ô√≠,,
jobs.cz,68,"Software Engineer, Clinical Data Management (R304682)",https://www.jobs.cz/rpd/2000357559/?searchId=896f214a-2b61-44a1-a4ce-5bdd9720a44c&rps=233,MSD IT,Praha ‚Äì Sm√≠chov,,P≈ôid√°no vƒçera,NEW,
jobs.cz,69,Data Center Senior Engineer,https://www.jobs.cz/rpd/2000337827/?searchId=896f214a-2b61-44a1-a4ce-5bdd9720a44c&rps=233,Vodafone Czech Republic a.s.,Praha ‚Äì Stod≈Ølky,,26. srpna,,
jobs.cz,70,Datawarehouse SQL Developer/Analyst pro Risk management (Medior/Senior),https://www.jobs.cz/rpd/2000221283/?searchId=896f214a-2b61-44a1-a4ce-5bdd9720a44c&rps=233,"Komerƒçn√≠ banka, a.s.",Praha ‚Äì Stod≈Ølky,,29. srpna,,
jobs.cz,71,Data Analyst,https://www.jobs.cz/rpd/2000296694/?searchId=896f214a-2b61-44a1-a4ce-5bdd9720a44c&rps=233,"W.A.G. payment solutions, a.s.",Praha ‚Äì Nusle,,11. z√°≈ô√≠,,
jobs.cz,72,Data Analyst (Data Engineering & Analysis),https://www.jobs.cz/rpd/2000334564/?searchId=896f214a-2b61-44a1-a4ce-5bdd9720a44c&rps=233,JetBrains s.r.o.,Praha ‚Äì Nusle,,Konƒç√≠ za 2 hodiny,,
jobs.cz,73,Group Product Data Analyst,https://www.jobs.cz/rpd/2000346482/?searchId=896f214a-2b61-44a1-a4ce-5bdd9720a44c&rps=233,Fortuna Group,Praha ‚Äì Vinohrady,,3. z√°≈ô√≠,,
jobs.cz,74,Group Data Analyst,https://www.jobs.cz/rpd/2000312834/?searchId=896f214a-2b61-44a1-a4ce-5bdd9720a44c&rps=233,Fortuna Group,Praha ‚Äì Vinohrady,,5. z√°≈ô√≠,,
jobs.cz,75,Data Analyst,https://www.jobs.cz/rpd/2000350433/?searchId=896f214a-2b61-44a1-a4ce-5bdd9720a44c&rps=233,Publicis Groupe,Praha ‚Äì Libe≈à,,5. z√°≈ô√≠,,
jobs.cz,76,Data analytik ‚Äì Danƒõ,https://www.jobs.cz/rpd/2000366666/?searchId=896f214a-2b61-44a1-a4ce-5bdd9720a44c&rps=233,EY,Praha,,P≈ôid√°no dnes,NEW,
jobs.cz,77,Data analyst,https://www.jobs.cz/rpd/2000327308/?searchId=896f214a-2b61-44a1-a4ce-5bdd9720a44c&rps=233,"ƒåSOB Poji≈°≈•ovna, a. s., ƒçlen holdingu ƒåSOB",Praha ‚Äì Radlice + 1 dal≈°√≠ lokalita,,18. z√°≈ô√≠,,
jobs.cz,78,Graduate AI Product Engineer ‚Äì se slu≈æebn√≠m vozem,https://www.jobs.cz/rpd/2000335423/?searchId=9a9d93aa-4b89-40d2-8e23-a22c96a2af0e&rps=233,DHL Solutions k.s.,Hlavn√≠ mƒõsto Praha + 1 dal≈°√≠ lokalita,,Konƒç√≠ z√≠tra,,
jobs.cz,79,‚ãô Datov√Ω specialista - ƒç√°steƒçn√Ω home office ‚ãò,https://www.jobs.cz/rpd/2000357113/?searchId=9a9d93aa-4b89-40d2-8e23-a22c96a2af0e&rps=233,"mBlue Czech, s.r.o.",Slan√Ω,,12. z√°≈ô√≠,,
jobs.cz,80,Datab√°zov√Ω administr√°tor/ka  - MS SQL,https://www.jobs.cz/rpd/2000350065/?searchId=9a9d93aa-4b89-40d2-8e23-a22c96a2af0e&rps=233,Bezpeƒçnostn√≠ informaƒçn√≠ slu≈æba,Hlavn√≠ mƒõsto Praha,,5. z√°≈ô√≠,,
jobs.cz,81,Senior Data Developer,https://www.jobs.cz/rpd/2000347153/?searchId=9a9d93aa-4b89-40d2-8e23-a22c96a2af0e&rps=233,"ƒåesk√° spo≈ôitelna, a.s.",Praha ‚Äì Michle,,4. z√°≈ô√≠,,
jobs.cz,82,BUSINESS INTELLIGENCE/DWH DEVELOPER,https://www.jobs.cz/rpd/2000334499/?searchId=9a9d93aa-4b89-40d2-8e23-a22c96a2af0e&rps=233,J&T BANKA,Praha ‚Äì Karl√≠n,,Konƒç√≠ za 2 hodiny,,
jobs.cz,83,Data Specialist,https://www.jobs.cz/rpd/2000294822/?searchId=9a9d93aa-4b89-40d2-8e23-a22c96a2af0e&rps=233,"MSF Shared IT Services, z.s.",Praha ‚Äì Libe≈à,,P≈ôid√°no vƒçera,NEW,
jobs.cz,84,Data & Sales Assistant - 32 h/week,https://www.jobs.cz/rpd/2000352885/?searchId=9a9d93aa-4b89-40d2-8e23-a22c96a2af0e&rps=233,"Hays Czech Republic, s.r.o.",Praha,,9. z√°≈ô√≠,,32¬†000 ‚Äç‚Äì‚Äç 36¬†000 Kƒç
jobs.cz,85,BI Specialist,https://www.jobs.cz/rpd/2000339465/?searchId=9a9d93aa-4b89-40d2-8e23-a22c96a2af0e&rps=233,CETIN a.s.,Praha ‚Äì Libe≈à,,27. srpna,,
jobs.cz,86,‚≠ï Business Data Support - Praha,https://www.jobs.cz/rpd/2000360107/?searchId=9a9d93aa-4b89-40d2-8e23-a22c96a2af0e&rps=233,"ProfesKontakt, s.r.o.",Hlavn√≠ mƒõsto Praha,,16. z√°≈ô√≠,,40¬†000 ‚Äç‚Äì‚Äç 80¬†000 Kƒç
jobs.cz,87,HR Data expert,https://www.jobs.cz/rpd/2000342316/?searchId=9a9d93aa-4b89-40d2-8e23-a22c96a2af0e&rps=233,"ƒåesk√° po≈°ta, s.p.",Praha ‚Äì Male≈°ice,,16. z√°≈ô√≠,,
jobs.cz,88,Sales & Data Management Intern,https://www.jobs.cz/rpd/2000339109/?searchId=9a9d93aa-4b89-40d2-8e23-a22c96a2af0e&rps=233,Tribe.xyz Czech s.r.o.,Praha ‚Äì Nov√© Mƒõsto,,17. z√°≈ô√≠,,8¬†000 ‚Äç‚Äì‚Äç 10¬†000 Kƒç
jobs.cz,89,Data a CRM Manager,https://www.jobs.cz/rpd/2000365179/?searchId=9a9d93aa-4b89-40d2-8e23-a22c96a2af0e&rps=233,Bezvavlasy a.s.,Praha ‚Äì Libe≈à,,P≈ôid√°no vƒçera,NEW,60¬†000 ‚Äç‚Äì‚Äç 75¬†000 Kƒç
jobs.cz,90,Datov√Ω analytik,https://www.jobs.cz/rpd/2000285836/?searchId=7e4430ba-b91c-4f51-937c-3751311c27db&rps=233,MEDIA FACTORY GROUP Czech Republic a.s.,Praha ‚Äì ≈Ωi≈ækov,,Aktualizov√°no dnes,,
jobs.cz,91,ANALYTIK REPORTINGU,https://www.jobs.cz/rpd/2000296679/?searchId=7e4430ba-b91c-4f51-937c-3751311c27db&rps=233,J&T BANKA,Praha ‚Äì Karl√≠n,,9. z√°≈ô√≠,,
jobs.cz,92,BI Analytik/Analytiƒçka pro skupinu Ambiente,https://www.jobs.cz/rpd/2000364114/?searchId=7e4430ba-b91c-4f51-937c-3751311c27db&rps=233,"AMBI CZ, s.r.o.",Praha ‚Äì Josefov,,18. z√°≈ô√≠,,
jobs.cz,93,Datov√Ω analytik pro Mapy.cz,https://www.jobs.cz/rpd/2000335480/?searchId=7e4430ba-b91c-4f51-937c-3751311c27db&rps=233,"Seznam.cz, a.s.",Praha ‚Äì Sm√≠chov,,27. srpna,,
jobs.cz,94,BUSINESS DATOV√ù ANALYTIK,https://www.jobs.cz/rpd/1636521208/?searchId=7e4430ba-b91c-4f51-937c-3751311c27db&rps=233,J&T BANKA,Praha ‚Äì Karl√≠n,,9. z√°≈ô√≠,,
jobs.cz,95,Datov√Ω analytik - senior,https://www.jobs.cz/rpd/2000358354/?searchId=7e4430ba-b91c-4f51-937c-3751311c27db&rps=233,LOGSENSE s.r.o.,Praha ‚Äì Karl√≠n,,Aktualizov√°no dnes,,
jobs.cz,96,Datov√Ω analytik / analytiƒçka,https://www.jobs.cz/rpd/2000303315/?searchId=7e4430ba-b91c-4f51-937c-3751311c27db&rps=233,DPD,Praha ‚Äì Vinohrady,,P≈ôid√°no vƒçera,NEW,
jobs.cz,97,Datov√Ω analytik CZ/SK,https://www.jobs.cz/rpd/2000336288/?searchId=7e4430ba-b91c-4f51-937c-3751311c27db&rps=233,CEEOR spol. s r.o.,Praha ‚Äì Sm√≠chov,,Konƒç√≠ za 3 dny,,
jobs.cz,98,CAD kreslen√≠ n√°bytku IMOS + p≈ô√≠prava dat pro v√Ωrobu n√°bytku; HOME OFFICE,https://www.jobs.cz/rpd/2000352099/?searchId=b3a10a69-7b88-4561-ad60-d303d945de0d&rps=233,"Truhl√°rna, s.r.o.",St≈ôedoƒçesk√Ω kraj,,15. z√°≈ô√≠,,50¬†000 ‚Äç‚Äì‚Äç 70¬†000 Kƒç
jobs.cz,99,Node.js Developer pra≈æsk√Ωch dat (m/≈æ),https://www.jobs.cz/rpd/1570252581/?searchId=b3a10a69-7b88-4561-ad60-d303d945de0d&rps=233,"Oper√°tor ICT, a. s.",Praha ‚Äì Hole≈°ovice,,16. z√°≈ô√≠,,
jobs.cz,100,Internship datov√Ω analytik - Financial Accounting Advisory Services,https://www.jobs.cz/rpd/2000352178/?searchId=b3a10a69-7b88-4561-ad60-d303d945de0d&rps=233,EY,Praha ‚Äì Nov√© Mƒõsto,,8. z√°≈ô√≠,,
jobs.cz,101,Junior datov√Ω analytik - Financial Accounting Advisory Services,https://www.jobs.cz/rpd/2000352177/?searchId=b3a10a69-7b88-4561-ad60-d303d945de0d&rps=233,EY,Praha ‚Äì Nov√© Mƒõsto,,8. z√°≈ô√≠,,46¬†000 Kƒç
jobs.cz,102,Datalake Platform Engineer,https://www.jobs.cz/rpd/2000313418/?searchId=b3a10a69-7b88-4561-ad60-d303d945de0d&rps=233,"Albert ƒåesk√° republika, s.r.o.",Praha ‚Äì Jinonice,,1. z√°≈ô√≠,,
jobs.cz,103,Datov√Ω analytik - model√°≈ô,https://www.jobs.cz/rpd/2000362477/?searchId=d1bd4219-30f1-4932-a10d-853c43dca46b&rps=233,Institut pro regulaci hazardn√≠ch her z.s.,Praha ‚Äì Nov√© Mƒõsto,,17. z√°≈ô√≠,,
jobs.cz,104,Datov√Ω analytik komerƒçn√≠ho bankovnictv√≠ digital ‚Äì Praha,https://www.jobs.cz/rpd/2000309690/?searchId=c9c9a741-a0cc-48bd-8df6-df629ba8238f&rps=233,"MONETA Money Bank, a.s.",Praha ‚Äì Michle,,26. srpna,,
jobs.cz,105,SPECIALISTA/ANALYTIK REGULATORN√çHO REPORTINGU,https://www.jobs.cz/rpd/2000296501/?searchId=c9c9a741-a0cc-48bd-8df6-df629ba8238f&rps=233,J&T BANKA,Praha ‚Äì Karl√≠n,,9. z√°≈ô√≠,,
jobs.cz,106,Senior MS SQL Database Engineer - Innovate in Counterparty Risk,https://www.jobs.cz/rpd/2000351113/?searchId=a735260d-cfa8-4b12-9114-ba11fc4c2cf7&rps=233,"COMMERZBANK Aktiengesellschaft, poboƒçka Praha",Praha ‚Äì Nov√© Mƒõsto,,6. z√°≈ô√≠,,
jobs.cz,107,HVAC Business Intelligence Analyst,https://www.jobs.cz/rpd/2000358365/?searchId=ecf49703-15ad-40c4-a9b2-556252693898&rps=233,"ƒåEZ, a. s.",Praha ‚Äì Michle,,13. z√°≈ô√≠,,
jobs.cz,108,Client BI Solutions Analyst,https://www.jobs.cz/rpd/2000351789/?searchId=ecf49703-15ad-40c4-a9b2-556252693898&rps=233,International SOS,Praha ‚Äì Sm√≠chov,,Aktualizov√°no dnes,,
jobs.cz,109,Datov√Ω analytik/datov√° analytiƒçka v odboru V√Ωkaznictv√≠ st√°tu,https://www.jobs.cz/rpd/2000363505/?searchId=ecf49703-15ad-40c4-a9b2-556252693898&rps=233,Ministerstvo financ√≠,Praha ‚Äì Mal√° Strana,,18. z√°≈ô√≠,,34¬†840 ‚Äç‚Äì‚Äç 51¬†530 Kƒç
jobs.cz,110,Information Security Reporting Analyst,https://www.jobs.cz/rpd/2000357693/?searchId=ccc2e7e7-ca14-4f6b-9985-c3d91aa4a7b0&rps=233,"COMMERZBANK Aktiengesellschaft, poboƒçka Praha",Praha ‚Äì Vinohrady,,18. z√°≈ô√≠,,
jobs.cz,111,Datov√Ω analytik/ƒçka ‚Äì Model√°≈ô,https://www.jobs.cz/rpd/2000251532/?searchId=ccc2e7e7-ca14-4f6b-9985-c3d91aa4a7b0&rps=233,"ƒåEPS, a.s.",Praha ‚Äì Michle,,29. srpna,,
jobs.cz,112,AI Product Consultant,https://www.jobs.cz/rpd/2000308584/?searchId=09f22d05-7de0-4344-b1b9-9659376ce537&rps=233,"Profinit EU, s.r.o.",Praha,,25. srpna,,
jobs.cz,113,Konzultant SAP BW / POWER BI (M/≈Ω),https://www.jobs.cz/rpd/2000336587/?searchId=09f22d05-7de0-4344-b1b9-9659376ce537&rps=233,"Pra≈æsk√° plyn√°rensk√°, a.s.",Praha ‚Äì Michle,,26. srpna,,
jobs.cz,114,"Specialista datov√Ωch anal√Ωz ‚Äì Praha 9, Horn√≠ Poƒçernice",https://www.jobs.cz/rpd/2000352678/?searchId=325a9a12-0500-434c-af89-d6549e8a8202&rps=233,"Axial Personnel Agency, s.r.o.",okres Praha-v√Ωchod,,9. z√°≈ô√≠,,
jobs.cz,115,SPECIALISTA REPORTINGU & ANAL√ùZ,https://www.jobs.cz/rpd/2000355335/?searchId=f27b5366-4773-4861-ad5f-852b5e214175&rps=233,BENU ƒåesk√° republika s.r.o.,Praha ‚Äì Hostiva≈ô,,10. z√°≈ô√≠,,
jobs.cz,116,(SENIOR) SPECIALISTA COREP REPORTINGU,https://www.jobs.cz/rpd/2000296495/?searchId=f27b5366-4773-4861-ad5f-852b5e214175&rps=233,J&T BANKA,Praha ‚Äì Karl√≠n,,9. z√°≈ô√≠,,
jobs.cz,117,Specialist(k)a regulatorn√≠ho reportingu,https://www.jobs.cz/rpd/2000364188/?searchId=5f682f81-1348-4b70-9cfd-7a4e9f8cf841&rps=233,UNIQA,Praha ‚Äì Vokovice,,18. z√°≈ô√≠,,
jobs.cz,118,"Specialista pro reporting, konsolidaci a datov√© anal√Ωzy",https://www.jobs.cz/rpd/2000363560/?searchId=5f682f81-1348-4b70-9cfd-7a4e9f8cf841&rps=233,"Pra≈æsk√° energetika, a.s.",Praha ‚Äì Vr≈°ovice,,18. z√°≈ô√≠,,
jobs.cz,119,Specialista reportingu a controllingu,https://www.jobs.cz/rpd/2000357818/?searchId=5f682f81-1348-4b70-9cfd-7a4e9f8cf841&rps=233,ECOVIS FACTA a.s.,Praha ‚Äì Krƒç,,P≈ôid√°no vƒçera,NEW,
jobs.cz,120,Financial Reporting Specialist with German,https://www.jobs.cz/rpd/2000339246/?searchId=a41122d4-1256-4ead-8e1b-80a38346f27d&rps=233,"Hays Czech Republic, s.r.o.",Praha ‚Äì Nov√© Mƒõsto,,27. srpna,,
jobs.cz,121,SPECIALISTA (ESG) REPORTINGU,https://www.jobs.cz/rpd/1613659111/?searchId=a41122d4-1256-4ead-8e1b-80a38346f27d&rps=233,"AGROFERT, a.s.",Praha ‚Äì Chodov,,27. srpna,,
jobs.cz,122,"Mana≈æer/ka controllingu (finance, controlling, reporting)",https://www.jobs.cz/rpd/2000310675/?searchId=a41122d4-1256-4ead-8e1b-80a38346f27d&rps=233,TETA drogerie (Solvent ƒåR s.r.o.),Praha,,26. srpna,,
jobs.cz,123,DevOps In≈æen√Ωr/ka pro datov√© sklady,https://www.jobs.cz/rpd/2000309751/?searchId=a41122d4-1256-4ead-8e1b-80a38346f27d&rps=233,"MONETA Money Bank, a.s.",Praha,,26. srpna,,
jobs.cz,124,Elektroin≈æen√Ωr - Buƒète souƒç√°st√≠ AI revoluce!,https://www.jobs.cz/rpd/2000292528/?searchId=df340180-0403-478d-8917-d9e707f834fc&rps=233,Luxonis,Praha ‚Äì Jinonice,,15. z√°≈ô√≠,,90¬†000 ‚Äç‚Äì‚Äç 120¬†000 Kƒç
jobs.cz,125,Business Intelligence Lead,https://www.jobs.cz/rpd/2000357885/?searchId=1a89c8c6-4eec-499d-becb-e8e9384e1557&rps=233,NN,Praha ‚Äì Sm√≠chov,,12. z√°≈ô√≠,,
jobs.cz,126,"Senior Specialist, AI Engineering (R302759)",https://www.jobs.cz/rpd/2000351667/?searchId=1a89c8c6-4eec-499d-becb-e8e9384e1557&rps=233,MSD IT,Praha ‚Äì Sm√≠chov,,Aktualizov√°no dnes,,
jobs.cz,127,"Specialist, AI Engineering (R302756 )",https://www.jobs.cz/rpd/2000351626/?searchId=1a89c8c6-4eec-499d-becb-e8e9384e1557&rps=233,MSD IT,Praha ‚Äì Sm√≠chov,,Aktualizov√°no dnes,,
jobs.cz,128,IT Project Manager - Implementace / Power BI,https://www.jobs.cz/rpd/2000306446/?searchId=ca5452cb-3d8e-4748-8119-6b6fdec38606&rps=233,Farkasova International s.r.o.,Praha,,27. srpna,,
jobs.cz,129,Data Engineer / IT Konzultant  (high-tech data company),https://www.jobs.cz/rpd/2000363528/?searchId=3271432c-a224-4042-9af8-050105f40cfc&rps=233,CloverDX Labs s.r.o.,Brno ‚Äì Z√°brdovice,,18. z√°≈ô√≠,,60¬†000 ‚Äç‚Äì‚Äç 120¬†000 Kƒç
jobs.cz,130,Data Scientist Junior,https://www.jobs.cz/rpd/2000364933/?searchId=3271432c-a224-4042-9af8-050105f40cfc&rps=233,Home Credit a.s.,Brno ‚Äì Star√© Brno,,P≈ôid√°no vƒçera,NEW,
jobs.cz,131,Data Analyst,https://www.jobs.cz/rpd/2000275805/?searchId=3271432c-a224-4042-9af8-050105f40cfc&rps=233,Marmon Foodservice Manufacturing s.r.o.,Brno ‚Äì Tu≈ôany,,16. z√°≈ô√≠,,
jobs.cz,132,Sustainability Data Analyst / Data Architect,https://www.jobs.cz/rpd/2000255983/?searchId=3271432c-a224-4042-9af8-050105f40cfc&rps=233,MANN+HUMMEL Service s.r.o. ‚Äì Shared Service Centre,Brno,,4. z√°≈ô√≠,,
jobs.cz,133,BI Data Analyst,https://www.jobs.cz/rpd/2000350547/?searchId=3271432c-a224-4042-9af8-050105f40cfc&rps=233,Notino s.r.o.,Brno ‚Äì ≈†t√Ω≈ôice,,5. z√°≈ô√≠,,
jobs.cz,134,Business Intelligence Data Engineer,https://www.jobs.cz/rpd/2000246980/?searchId=3271432c-a224-4042-9af8-050105f40cfc&rps=233,KBC Global Services NV,Brno ‚Äì Star√Ω L√≠skovec,,11. z√°≈ô√≠,,
jobs.cz,135,Senior Data Scientist,https://www.jobs.cz/rpd/2000349294/?searchId=3271432c-a224-4042-9af8-050105f40cfc&rps=233,Gen Digital(Avast),Brno ‚Äì Trnit√° + 1 dal≈°√≠ lokalita,,P≈ôid√°no vƒçera,NEW,
jobs.cz,136,Datov√Ω analytik/Datov√° analytiƒçka v oboru bioinformatika,https://www.jobs.cz/rpd/2000303283/?searchId=3271432c-a224-4042-9af8-050105f40cfc&rps=233,Masarykova univerzita,Brno ‚Äì Bohunice,,6. z√°≈ô√≠,,
jobs.cz,137,Online Data Analyst,https://www.jobs.cz/rpd/2000343440/?searchId=3271432c-a224-4042-9af8-050105f40cfc&rps=233,TELUS International AI,Brno ‚Äì Brno-mƒõsto,,Aktualizov√°no dnes,,
jobs.cz,138,Data Analyst,https://www.jobs.cz/rpd/2000358638/?searchId=3271432c-a224-4042-9af8-050105f40cfc&rps=233,FABORY Czech s.r.o.,≈†lapanice,,Aktualizov√°no dnes,,
jobs.cz,139,Data Analyst,https://www.jobs.cz/rpd/2000280879/?searchId=3271432c-a224-4042-9af8-050105f40cfc&rps=233,KBC Global Services NV,Brno,,26. srpna,,
jobs.cz,140,Senior Sustainability Data Analyst,https://www.jobs.cz/rpd/2000366388/?searchId=3271432c-a224-4042-9af8-050105f40cfc&rps=233,Atlas Copco Services s.r.o.,Brno ‚Äì ≈†t√Ω≈ôice,,P≈ôid√°no dnes,NEW,
jobs.cz,141,Master Data Specialist - Standard Cost / Item Creations & Maintenance,https://www.jobs.cz/rpd/2000271317/?searchId=3271432c-a224-4042-9af8-050105f40cfc&rps=233,Ingersoll Rand,Brno ‚Äì ≈Ωabov≈ôesky,,16. z√°≈ô√≠,,
jobs.cz,142,Datov√Ω analytik (bonusy 2x roƒçnƒõ),https://www.jobs.cz/rpd/2000340107/?searchId=3271432c-a224-4042-9af8-050105f40cfc&rps=233,KBC Global Services NV,Brno ‚Äì Star√Ω L√≠skovec,,27. srpna,,
jobs.cz,143,Analytik Business Intelligence / BI Analyst,https://www.jobs.cz/rpd/2000340785/?searchId=b5de7576-1a5b-4b6a-adc2-8e57b6041d8e&rps=233,AG FOODS Group a.s.,Velk√° B√≠te≈° ‚Äì Ko≈°√≠kov,,18. z√°≈ô√≠,,50¬†000 ‚Äç‚Äì‚Äç 65¬†000 Kƒç
jobs.cz,144,ST√Å≈Ω pro studenty - datov√© analytiky,https://www.jobs.cz/rpd/2000359114/?searchId=b5de7576-1a5b-4b6a-adc2-8e57b6041d8e&rps=233,√ö≈ôad pro ochranu hospod√°≈ôsk√© soutƒõ≈æe,Brno ‚Äì ƒåern√° Pole,,Aktualizov√°no dnes,,
jobs.cz,145,St√°≈æista v oddƒõlen√≠ Business Excellence (Reporting & Datov√° anal√Ωza),https://www.jobs.cz/rpd/2000352362/?searchId=b5de7576-1a5b-4b6a-adc2-8e57b6041d8e&rps=233,Angelini Pharma ƒåesk√° republika s.r.o.,Brno ‚Äì Star√Ω L√≠skovec,,9. z√°≈ô√≠,,25¬†000 ‚Äç‚Äì‚Äç 30¬†000 Kƒç
jobs.cz,146,Senior Data Engineer and Team Leader,https://www.jobs.cz/rpd/2000335427/?searchId=c1e7417b-b5f3-4d0b-8d71-b72b3b3d6a2d&rps=233,"IDC Central Europe, the Middle East & Africa",Moravskoslezsk√Ω kraj + 1 dal≈°√≠ lokalita,,Konƒç√≠ z√≠tra,,
jobs.cz,147,Senior BI Developer,https://www.jobs.cz/rpd/2000364850/?searchId=c1e7417b-b5f3-4d0b-8d71-b72b3b3d6a2d&rps=233,"IDC Central Europe, the Middle East & Africa",Ostrava,,P≈ôid√°no vƒçera,NEW,
jobs.cz,148,Data Engineer (m/≈æ),https://www.jobs.cz/rpd/2000298369/?searchId=c1e7417b-b5f3-4d0b-8d71-b72b3b3d6a2d&rps=233,ABB s.r.o.,Ostrava ‚Äì Moravsk√° Ostrava,,10. z√°≈ô√≠,,
jobs.cz,149,Datov√Ω analytik/BI analytik,https://www.jobs.cz/rpd/2000364176/?searchId=c1e7417b-b5f3-4d0b-8d71-b72b3b3d6a2d&rps=233,BANDI VAMOS a.s.,Ostrava ‚Äì Moravsk√° Ostrava,,18. z√°≈ô√≠,,
jobs.cz,150,Data Analytics & BI Specialist,https://www.jobs.cz/rpd/2000363980/?searchId=c1e7417b-b5f3-4d0b-8d71-b72b3b3d6a2d&rps=233,ABB s.r.o.,Ostrava ‚Äì Moravsk√° Ostrava,,18. z√°≈ô√≠,,
jobs.cz,151,AI Researcher/developer,https://www.jobs.cz/rpd/2000343465/?searchId=c1e7417b-b5f3-4d0b-8d71-b72b3b3d6a2d&rps=233,"V≈†B - TUO, IT4Innovations n√°rodn√≠ superpoƒç√≠taƒçov√© centrum",Ostrava ‚Äì Poruba,,Aktualizov√°no dnes,,
jobs.cz,152,Business Intelligence Specialist - Power BI,https://www.jobs.cz/rpd/2000281126/?searchId=c1e7417b-b5f3-4d0b-8d71-b72b3b3d6a2d&rps=233,ABB s.r.o.,Ostrava ‚Äì Moravsk√° Ostrava,,10. z√°≈ô√≠,,
jobs.cz,153,IT Specialista pro EDI v√Ωmƒõnu dat (m/≈æ),https://www.jobs.cz/rpd/2000339518/?searchId=0e545bf6-cadd-4bd4-a1fe-186dc4bc2c58&rps=233,Geis CZ s.r.o.,Ejpovice,,27. srpna,,
jobs.cz,154,HR Data Scientist,https://www.jobs.cz/rpd/2000358011/?searchId=0e545bf6-cadd-4bd4-a1fe-186dc4bc2c58&rps=233,"Wacker-Chemie, s.r.o.",Plze≈à ‚Äì Skvr≈àany,,P≈ôid√°no vƒçera,NEW,
jobs.cz,155,Data Engineer,https://www.jobs.cz/rpd/2000356361/?searchId=0e545bf6-cadd-4bd4-a1fe-186dc4bc2c58&rps=233,"Wacker-Chemie, s.r.o.",Plze≈à ‚Äì Skvr≈àany,,18. z√°≈ô√≠,,
jobs.cz,156,Data Specialist for Procurement,https://www.jobs.cz/rpd/2000336806/?searchId=0e545bf6-cadd-4bd4-a1fe-186dc4bc2c58&rps=233,"Wacker-Chemie, s.r.o.",Plze≈à ‚Äì Skvr≈àany,,Konƒç√≠ za 3 dny,,
startupjobs.cz,1,Junior/Medior Tester in a Global AI/Music Tech Startup,https://www.startupjobs.cz/nabidka/81841/junior-medior-tester-in-a-global-ai-music-tech-startup,AIMS API,Praha,Full-time,,HOT,
startupjobs.cz,2,Senior Back-End Developer (Golang) in a Global AI/Music Tech Startup,https://www.startupjobs.cz/nabidka/81843/senior-back-end-developer-golang-in-a-global-ai-music-tech-startup,AIMS API,Praha,Full-time,,HOT,
startupjobs.cz,3,Datov√Ω integr√°tor üìä,https://www.startupjobs.cz/nabidka/82077/datovy-integrator,Logio s.r.o.,"Praha, Brno, Hradec Kr√°lov√©",Full-time,,HOT,
startupjobs.cz,4,Data Engineer,https://www.startupjobs.cz/nabidka/82057/data-engineer,ROUVY,Praha,Full-time,,HOT,
startupjobs.cz,5,Data Analyst üìà  - Junior/Medior,https://www.startupjobs.cz/nabidka/81493/data-analyst-junior-medior,eppTec,Praha,Full-time,,HOT,40000 - 70000 CZK monthly
startupjobs.cz,6,üëâ Senior Data Scientist,https://www.startupjobs.cz/nabidka/80355/senior-data-scientist,Datamole,Praha,Full-time,,HOT,
startupjobs.cz,7,Database Administrator,https://www.startupjobs.cz/nabidka/82031/database-administrator,Livesport,Praha,Full-time,,HOT,
startupjobs.cz,8,"Sales Specialist ‚Äì New Business Development (Datov√° anal√Ωza, BI a AI ≈ôe≈°en√≠)",https://www.startupjobs.cz/nabidka/82013/sales-specialist-new-business-development-datova-analyza-bi-a-ai-reseni,BizzTreat,Praha,Full-time,,HOT,
startupjobs.cz,9,Grafik s nad≈°en√≠m pro AI,https://www.startupjobs.cz/nabidka/49645/grafik-s-nadsenim-pro-ai,YDEAL s.r.o.,Praha,Full-time,,HOT,
startupjobs.cz,10,"Lead Software Engineer, Bot Builder with AI, Prague",https://www.startupjobs.cz/nabidka/79795/lead-software-engineer-bot-builder-with-ai-prague,NICE CXone (Brand Embassy),Praha,Full-time,,HOT,140000 - 160000 CZK monthly
startupjobs.cz,11,üêç Python Data Engineer,https://www.startupjobs.cz/nabidka/80549/python-data-engineer,Datamole,Praha 6,Full-time,,HOT,
startupjobs.cz,12,Yield Operations Specialist (Datov√Ω & performance analytik),https://www.startupjobs.cz/nabidka/80293/yield-operations-specialist-datovy-performance-analytik,R2B2 a.s.,Praha,Full-time,,HOT,
startupjobs.cz,13,Machine Learning Data Annotator (Ideal for students/graduates) üßë‚Äçüíª,https://www.startupjobs.cz/nabidka/81777/machine-learning-data-annotator-ideal-for-students-graduates,Parrot,Praha,"Part-time, Full-time",,HOT,28000 - 56000 CZK monthly
startupjobs.cz,14,Marketing Data Analyst,https://www.startupjobs.cz/nabidka/81779/marketing-data-analyst,Ko≈°√≠k.cz,Praha,Full-time,,HOT,60000 - 70000 CZK monthly
startupjobs.cz,15,üöÄ Data Engineer,https://www.startupjobs.cz/nabidka/80641/data-engineer,Capital Markets Gateway (CMG),Brno,Full-time,,HOT,
startupjobs.cz,16,Generative AI and ML Developer,https://www.startupjobs.cz/nabidka/79839/generative-ai-and-ml-developer,Blindspot Solutions,Praha,"Part-time, Full-time",,HOT,
startupjobs.cz,17,"Data Engineer üíª Z√°zem√≠ ƒçesk√© spoleƒçnosti, mezin√°rodn√≠ klienti, remote spolupr√°ce ü§ù",https://www.startupjobs.cz/nabidka/81635/data-engineer-zazemi-ceske-spolecnosti-mezinarodni-klienti-remote-spoluprace,UD4D,Praha,Full-time,,HOT,
startupjobs.cz,18,Backend v√Ωvoj√°≈ô/ka - buduj s n√°mi nejlep≈°√≠ AI aplikaci na trhu,https://www.startupjobs.cz/nabidka/81621/backend-vyvojar-ka-buduj-s-nami-nejlepsi-ai-aplikaci-na-trhu,FV STUDIO,Brno,Full-time,,HOT,70000 - 100000 CZK monthly
startupjobs.cz,19,Datov√Ω v√Ωvoj√°≈ô / analytik [MED+],https://www.startupjobs.cz/nabidka/81153/datovy-vyvojar-analytik-med,Exportio,Praha,"Part-time, Full-time",,HOT,50000 - 100000 CZK monthly
startupjobs.cz,20,Senior Data Engineer,https://www.startupjobs.cz/nabidka/81583/senior-data-engineer,HX Hurtigruten Expeditions,Praha,Full-time,,HOT,
startupjobs.cz,21,Lead - Data & Analytics,https://www.startupjobs.cz/nabidka/81581/lead-data-analytics,HX Hurtigruten Expeditions,Praha,Full-time,,HOT,
startupjobs.cz,22,Data Engineer (Spark),https://www.startupjobs.cz/nabidka/79717/data-engineer-spark,LOGEX Solution Center s.r.o.,Brno,Full-time,,HOT,
startupjobs.cz,23,Software Engineer in a Fast-Growing AI Startup,https://www.startupjobs.cz/nabidka/81061/software-engineer-in-a-fast-growing-ai-startup,Lightly,Praha,Full-time,,HOT,
startupjobs.cz,24,Senior Data Analytik v publishing biznise,https://www.startupjobs.cz/nabidka/82041/senior-data-analytik-v-publishing-biznise,"News and Media Holding, a.s.",Bratislava,Full-time,,,3000 - 4000 EUR monthly
startupjobs.cz,25,Data Engineer,https://www.startupjobs.cz/nabidka/75913/data-engineer,BigHub s.r.o.,Praha,Full-time,,,60000 - 130000 CZK monthly
startupjobs.cz,26,Data Engineer,https://www.startupjobs.cz/nabidka/77081/data-engineer,CONFIRMO s.r.o,Praha,"Part-time, Full-time",,,
startupjobs.cz,27,"Neural Voice Specialist, ML Engineer",https://www.startupjobs.cz/nabidka/72497/neural-voice-specialist-ml-engineer,PromethistAI a.s.,Praha,Full-time,,,
startupjobs.cz,28,Junior DevOps (Big Data),https://www.startupjobs.cz/nabidka/76277/junior-devops-big-data,"Adastra, s.r.o.",Praha,Full-time,,,
startupjobs.cz,29,Medior Data Scientist,https://www.startupjobs.cz/nabidka/80661/medior-data-scientist,GymBeam,Ko≈°ice,Full-time,,,50000 - 70000 CZK monthly
startupjobs.cz,30,AI Engineer for Space projects üöÄ,https://www.startupjobs.cz/nabidka/43810/ai-engineer-for-space-projects,Huld s.r.o.,Praha,"Part-time, Full-time",,,
startupjobs.cz,31,Data Engineer,https://www.startupjobs.cz/nabidka/81819/data-engineer,HECON,Praha,Full-time,,,
startupjobs.cz,32,Program√°tor a specialista na AI prompting,https://www.startupjobs.cz/nabidka/77501/programator-a-specialista-na-ai-prompting,Apertia Tech s.r.o.,"Praha, Brno, ƒåesk√© Budƒõjovice, Ostrava, Zl√≠n, Olomouc, √öst√≠ nad Labem","Part-time, Full-time",,,30000 - 80000 CZK monthly
startupjobs.cz,33,üëâTechnical Project Lead for data & AI solutions - Prague,https://www.startupjobs.cz/nabidka/74179/technical-project-lead-for-data-ai-solutions-prague,Datamole,Praha,Full-time,,,
startupjobs.cz,34,Node.js Developer pra≈æsk√Ωch dat (m/≈æ),https://www.startupjobs.cz/nabidka/81723/node-js-developer-prazskych-dat-m-z,"Oper√°tor ICT, a.s.",Praha,Full-time,,,
startupjobs.cz,35,Digital data marketing specialist,https://www.startupjobs.cz/nabidka/81571/digital-data-marketing-specialist,denik.cz,Praha,Full-time,,,
startupjobs.cz,36,Datov√Ω analytik,https://www.startupjobs.cz/nabidka/81559/datovy-analytik,Slevomat.cz,Praha,Full-time,,,
startupjobs.cz,37,Data Engineer,https://www.startupjobs.cz/nabidka/81517/data-engineer,Publicis Groupe,Praha,Full-time,,,
startupjobs.cz,38,Data Analyst,https://www.startupjobs.cz/nabidka/81515/data-analyst,Publicis Groupe,Praha,Full-time,,,
startupjobs.cz,39,AI Specialist,https://www.startupjobs.cz/nabidka/81441/ai-specialist,Twistcafe Group s.r.o.,Praha,Full-time,,,
startupjobs.cz,40,"üî¨ DataOps specialist (Brno, Python)",https://www.startupjobs.cz/nabidka/79027/dataops-specialist-brno-python,Datamole,Brno,Full-time,,,
startupjobs.cz,41,Analytics Engineer for Data Platform team at ShipMonk,https://www.startupjobs.cz/nabidka/77791/analytics-engineer-for-data-platform-team-at-shipmonk,ShipMonk,Praha,Full-time,,,
startupjobs.cz,42,"üî¨ Data Analyst Medior (Python, Brno)",https://www.startupjobs.cz/nabidka/81321/data-analyst-medior-python-brno,Datamole,Brno,"Part-time, Full-time",,,
startupjobs.cz,43,üëâTechnical Project Lead for data & AI solutions - Brno,https://www.startupjobs.cz/nabidka/74175/technical-project-lead-for-data-ai-solutions-brno,Datamole,Brno,Full-time,,,
startupjobs.cz,44,Data Scientist üöÄ (Turn raw data into usable metrics and develop new models),https://www.startupjobs.cz/nabidka/81225/data-scientist-turn-raw-data-into-usable-metrics-and-develop-new-models,Similarweb,Praha,Full-time,,,100000 - 150000 CZK monthly
startupjobs.cz,45,üíª AI Inov√°tor,https://www.startupjobs.cz/nabidka/81217/ai-inovator,FakturaOnline.cz,Praha,Part-time,,,300 - 800 CZK hourly
startupjobs.cz,46,Power BI consultant,https://www.startupjobs.cz/nabidka/81149/power-bi-consultant,DataBrothers,Praha,Full-time,,,
startupjobs.cz,47,Data Scientist Senior üöÄ,https://www.startupjobs.cz/nabidka/80165/data-scientist-senior,Ematiq a.s.,Praha,Full-time,,,74000 - 124000 CZK monthly
startupjobs.cz,48,Konzultant pro automatizaci reportingu üåé,https://www.startupjobs.cz/nabidka/79107/konzultant-pro-automatizaci-reportingu,Deepview,Praha,Full-time,,,
startupjobs.cz,49,Python Engineer (ML),https://www.startupjobs.cz/nabidka/81119/python-engineer-ml,Oddin.gg,Praha,Full-time,,,
startupjobs.cz,50,üîß IT HW technik pro datacentrum v Praze 10,https://www.startupjobs.cz/nabidka/13713/it-hw-technik-pro-datacentrum-v-praze-10,CDN77,Praha 10,Full-time,,,
startupjobs.cz,51,üåç Hled√° se Deployment Engineer se znalostmi server≈Ø a datab√°z√≠  üöí,https://www.startupjobs.cz/nabidka/81023/hleda-se-deployment-engineer-se-znalostmi-serveru-a-databazi,GINA Software s.r.o.,Brno,Full-time,,,
cocuma.cz,1,E-commerce Data Analyst,https://www.cocuma.cz/job/e-commerce-data-analyst/8268/,Decathlon,Praha,Full-time,,Fresh,
cocuma.cz,2,Datov√Ω integr√°tor,https://www.cocuma.cz/s/datovy-integrator/,LOGIO,Brno,Full-time,,Superjoby,
cocuma.cz,3,Senior Data Platform Engineer,https://www.cocuma.cz/job/senior-data-platform-engineer/8464/,NN IT HUB Prague,Prague,Full-time,,,
cocuma.cz,4,Data Entry Specialist,https://www.cocuma.cz/job/data-entry-specialist/7713/,Realpad,Praha,Part-time,,,
cocuma.cz,5,Administr√°tor/ka sbƒõru dat | Marketingov√Ω v√Ωzkum,https://www.cocuma.cz/job/administratorka-sberu-dat-marketingovy-vyzkum/6271/,NMS Market Research,Praha,Full-time,,,
cocuma.cz,6,Data Engineer,https://www.cocuma.cz/job/data-engineer/8407/,Confirmo,Praha,Full-time,,,
cocuma.cz,7,Power BI Developer,https://www.cocuma.cz/job/power-bi-developer/8411/,NN IT HUB Prague,Prague,Full-time,,,
cocuma.cz,8,Data Platform Engineer,https://www.cocuma.cz/job/data-platform-engineer/8374/,NN IT HUB Prague,Prague,Full-time,,,
cocuma.cz,9,Datov√Ω analytik,https://www.cocuma.cz/job/datovy-analytik/8342/,Slevomat,Praha,Full-time,,,
cocuma.cz,10,DATA ENGINEER,https://www.cocuma.cz/s/data-engineer/,Billigence,Praha,Full-time,,Superjoby,
cocuma.cz,11,üíª Datov√Ω analytik - junior - vhodn√© pro studenty/absolventy üéì,https://www.cocuma.cz/job/datovy-analytik-junior-vhodne-pro-studentyabsolventy/8290/,OPT OnDemand,Praha 7,Full-time,,,
cocuma.cz,12,Marketing Manager pro AI SaaS produkt,https://www.cocuma.cz/job/marketing-manager-pro-ai-saas-produkt/2572/,FEEDYOU,Pardubice,Full-time,,,
cocuma.cz,13,Account Executive pro AI SaaS produkt,https://www.cocuma.cz/job/account-executive-pro-ai-saas-produkt/8233/,FEEDYOU,Pardubice,Full-time,,,
cocuma.cz,14,Data Analyst / Analytics Engineer,https://www.cocuma.cz/job/data-analyst-analytics-engineer/5044/,GAMEE,,Full-time,,,
cocuma.cz,15,Mentor*ka - Datov√° anal√Ωza,https://www.cocuma.cz/s/mentorka-datova-analyza/,Czechitas,Cel√° ƒåR,Part-time,,Superjoby,
cocuma.cz,16,Analytics Engineer for Data Platform team,https://www.cocuma.cz/job/analytics-engineer-for-data-platform-team/8125/,ShipMonk Research & Development,Praha,Full-time,,,
cocuma.cz,17,BI Squad Technical Lead,https://www.cocuma.cz/job/bi-squad-technical-lead/8113/,NN IT HUB Prague,Prague,Full-time,,,
cocuma.cz,18,Data Engineers wanted Junior and Medior,https://www.cocuma.cz/job/data-engineers-wanted-junior-and-medior/8074/,NN IT HUB Prague,Prague,Full-time,,,
cocuma.cz,19,AI Engineer,https://www.cocuma.cz/job/ai-engineer/8054/,NN IT HUB Prague,Prague,Full-time,,,
cocuma.cz,20,Datov√Ω analytik | Marketingov√Ω v√Ωzkum,https://www.cocuma.cz/job/datovy-analytik-marketingovy-vyzkum/6286/,NMS Market Research,Praha,Full-time,,,
cocuma.cz,21,Data Scientist üî¨ Market Research,https://www.cocuma.cz/job/data-scientist-market-research/7938/,NMS Market Research,Praha,Full-time,,,
cocuma.cz,22,Experienced Machine Learning Engineer,https://www.cocuma.cz/job/experienced-machine-learning-engineer/7569/,Salted CX,Praha,Full-time,,,
cocuma.cz,23,Data Engineering Lead (tahoun DATA t√Ωmu),https://www.cocuma.cz/job/data-engineering-lead-tahoun-data-tymu/3759/,Etnetera Activate,Praha,Full-time,,,
cocuma.cz,24,BI Analytik / Konzultant,https://www.cocuma.cz/job/bi-analytik-konzultant/7016/,CDC Data,Dv≈Ør Kr√°lov√© nad Labem,Full-time,,,
cocuma.cz,25,Data Engineer with Azure for AI Squad,https://www.cocuma.cz/job/data-engineer-with-azure-for-ai-squad/7625/,NN IT HUB Prague,Prague,Full-time,,,
cocuma.cz,26,Pom√°hej tvo≈ôit kurzy datov√©ho in≈æen√Ωrstv√≠ a datov√© vƒõdy,https://www.cocuma.cz/s/pomahej-tvorit-kurzy-datoveho-inzenyrstvi-a-datove-vedy/,Czechitas,Cel√° ƒåR,Part-time,,Superjoby,
cocuma.cz,27,Pom√°hej vzdƒõl√°vat ≈æeny v AI,https://www.cocuma.cz/s/pomahej-vzdelavat-zeny-v-ai/,Czechitas,Cel√° ƒåR,Part-time,,Superjoby,
cocuma.cz,28,Pom√°hej vzdƒõl√°vat ≈æeny v Pythonu pro data,https://www.cocuma.cz/s/pomahej-vzdelavat-zeny-v-pythonu-pro-data/,Czechitas,Cel√° ƒåR,Part-time,,Superjoby,
cocuma.cz,29,Pom√°hej vzdƒõl√°vat ≈æeny v oblasti dat,https://www.cocuma.cz/s/pomahej-vzdelavat-zeny-v-oblasti-dat/,Czechitas,Cel√° ƒåR,Part-time,,Superjoby,
cocuma.cz,30,Data Governance Consultant,https://www.cocuma.cz/s/dg-consultant/,Billigence,Praha,Full-time,,Superjoby,
cocuma.cz,31,Datov√Ω Analytik - Brno,https://www.cocuma.cz/job/datovy-analytik-brno/7110/,Addvery,Brno,Full-time,,,
cocuma.cz,32,Full Stack BI Developer,https://www.cocuma.cz/job/full-stack-bi-developer/6911/,NN IT HUB Prague,Prague,Full-time,,,
cocuma.cz,33,Ph.D. in Structured Graphical Models (ML for Public Health),https://www.cocuma.cz/job/phd-in-structured-graphical-models-ml-for-public-health/6328/,Centrum umƒõl√© inteligence FEL ƒåVUT,Praha,Full-time,,,
cocuma.cz,34,Ph.D. in Mathematical Optimization and Control (Fairness in AI),https://www.cocuma.cz/job/phd-in-mathematical-optimization-and-control-fairness-in-ai/6326/,Centrum umƒõl√© inteligence FEL ƒåVUT,Praha,Full-time,,,
cocuma.cz,35,TECHNIK DATOV√âHO CENTRA,https://www.cocuma.cz/job/technik-datoveho-centra/1944/,TTC TELEPORT,Praha,Full-time,,,
cocuma.cz,36,DATA ENGINEER senior/medior,https://www.cocuma.cz/job/data-engineer-seniormedior/3329/,Joyful Craftsmen,Praha,Full-time,,,
cocuma.cz,37,PhD z umƒõl√© inteligence,https://www.cocuma.cz/job/phd-z-umele-inteligence/2386/,Centrum umƒõl√© inteligence FEL ƒåVUT,Praha,Full-time,,,
fproof.eu,1,Senior Data Scientist,https://jobs.fproof.eu/jobs/Careers/17403000007737001/Senior-Data-Scientist?source=CareerSite,,Prague,Permanent,09/03/2024,,
fproof.eu,2,Data Scientist,https://jobs.fproof.eu/jobs/Careers/17403000007785102/Data-Scientist?source=CareerSite,,Praha 5-Sm√≠chov,Freelance,09/09/2024,,
fproof.eu,3,Data Platform Engineer,https://jobs.fproof.eu/jobs/Careers/17403000007798001/Data-Platform-Engineer?source=CareerSite,,Praha,Freelance,09/10/2024,,
fproof.eu,4,Power BI Developer,https://jobs.fproof.eu/jobs/Careers/17403000007712134/Power-BI-Developer?source=CareerSite,,Praha 5-Sm√≠chov,Contract,08/28/2024,,
fproof.eu,5,Azure Data Engineer,https://jobs.fproof.eu/jobs/Careers/17403000007763071/Azure-Data-Engineer?source=CareerSite,,,Freelance,09/05/2024,,
fproof.eu,6,DataOps Engineer (Matillion),https://jobs.fproof.eu/jobs/Careers/17403000007763006/DataOps-Engineer-Matillion?source=CareerSite,,,Freelance,09/05/2024,,
fproof.eu,7,Angular Developer/ka pro t√Ωm Data Insight Advisory,https://jobs.fproof.eu/jobs/Careers/17403000007720147/Angular-Developer-ka-pro-t√Ωm-Data-Insight-Advisory?source=CareerSite,,Prague,Freelance,08/29/2024,,
fproof.eu,8,Product Owner (Power BI platform),https://jobs.fproof.eu/jobs/Careers/17403000007359003/Product-Owner-Power-BI-platform?source=CareerSite,,Praha 2-Nov√© Mƒõsto,Freelance,08/14/2024,,
fproof.eu,9,Senior Data Engineer (DBT+SQL),https://jobs.fproof.eu/jobs/Careers/17403000007034034/Senior-Data-Engineer-DBT-SQL?source=CareerSite,,Prague,Freelance,07/15/2024,,
fproof.eu,10,Power BI Developer,https://jobs.fproof.eu/jobs/Careers/17403000006953138/Power-BI-Developer?source=CareerSite,,Prague,Freelance,04/19/2024,,
welcometothejungle.com,1,Data Architect,https://www.welcometothejungle.com/cs/companies/threatmark/jobs/senior-data-engineer_brno-stred,ThreatMark,Brno,full_time,2024-09-16T14:14:05Z,Boosted,
welcometothejungle.com,2,Data Specialist,https://www.welcometothejungle.com/cs/companies/msf/jobs/data-specialist_praha,MSF Shared IT Services,Prague,full_time,2024-09-16T11:10:14Z,,
welcometothejungle.com,3,Sales Executive for NNIT Life Sciences Data Services,https://www.welcometothejungle.com/cs/companies/nnit/jobs/sales-executive-for-nnit-life-sciences-data-services_dublin,NNIT Czech,Prague,full_time,2024-09-16T08:42:14Z,,
welcometothejungle.com,4,Data Catalog Administrator (f/m/d),https://www.welcometothejungle.com/cs/companies/dbg/jobs/data-catalog-administrator-f-m-d_prague_DBGP_lLMaYl1,Deutsche B√∂rse Group Prague,Prague,full_time,2024-09-13T22:47:53Z,,
welcometothejungle.com,5,Data Engineer- Remote CZ,https://www.welcometothejungle.com/cs/companies/quadient/jobs/data-engineer-remote-cz_hradec-kralove,Quadient,Hradec Kralove,full_time,2024-09-11T00:42:55Z,,
welcometothejungle.com,6,BI Data Analyst,https://www.welcometothejungle.com/cs/companies/notino/jobs/bi-data-analyst_brno_NOTIN_OQRYmdY,Notino,Brno,full_time,2024-09-05T22:45:47Z,,
welcometothejungle.com,7,Data Engineer,https://www.welcometothejungle.com/cs/companies/publicis-groupe-cz/jobs/data-engineer_praha-hl-m,Publicis Groupe CZ,Prague,full_time,2024-09-05T22:35:14Z,,
welcometothejungle.com,8,Data Analyst,https://www.welcometothejungle.com/cs/companies/publicis-groupe-cz/jobs/data-analyst_praha-hl-m,Publicis Groupe CZ,Prague,full_time,2024-09-05T22:35:14Z,,
welcometothejungle.com,9,Project Data Validator with Italian language,https://www.welcometothejungle.com/cs/companies/ipsos-cz/jobs/project-data-validator-with-italian-language_praha,Ipsos,Prague,part_time,2024-09-05T07:49:43Z,,
welcometothejungle.com,10,HR Data expert,https://www.welcometothejungle.com/cs/companies/ceska-posta/jobs/hr-data-expert_praha,ƒåesk√° po≈°ta,Prague,full_time,2024-08-30T00:36:02Z,,
welcometothejungle.com,11,Data pro komunikaci - Firemn√≠ klienti - produktov√Ω design√©r,https://www.welcometothejungle.com/cs/companies/ceska-sporitelna/jobs/data-pro-komunikaci-firemni-klienti-produktovy-designer_praha,ƒåesk√° spo≈ôitelna,Prague,full_time,2024-08-29T00:18:58Z,,
welcometothejungle.com,12,Data Scientist (m/≈æ),https://www.welcometothejungle.com/cs/companies/kooperativa/jobs/data-scientist-m-z_praha_KOOPE_a2XygWr,Kooperativa,Prague,full_time,2024-08-28T01:12:57Z,,
welcometothejungle.com,13,Software Developer - Risk Data Management Services (f/m/d),https://www.welcometothejungle.com/cs/companies/dbg/jobs/software-developer-risk-data-management-services-f-m-d_prague_DBGP_xbxwO1m,Deutsche B√∂rse Group Prague,Prague,full_time,2024-08-24T22:32:20Z,,
welcometothejungle.com,14,Data Management and Governance Specialist (f/m/d),https://www.welcometothejungle.com/cs/companies/dbg/jobs/data-management-and-governance-specialist-f-m-d_prague,Deutsche B√∂rse Group Prague,Prague,full_time,2024-08-23T22:35:36Z,,
welcometothejungle.com,15,Data Scientist - Risk Design (f/m/d),https://www.welcometothejungle.com/cs/companies/dbg/jobs/data-scientist-risk-design-f-m-d_prague,Deutsche B√∂rse Group Prague,Prague,full_time,2024-08-16T22:27:13Z,,
welcometothejungle.com,16,Datalake Platform Engineer,https://www.welcometothejungle.com/cs/companies/albert/jobs/datalake-platform-engineer_praha,"Albert ƒåesk√° republika, s.r.o.",Prague,full_time,2024-08-01T22:08:57Z,,
welcometothejungle.com,17,Azure Data Engineer,https://www.welcometothejungle.com/cs/companies/albert/jobs/azure-data-engineer_praha,"Albert ƒåesk√° republika, s.r.o.",Prague,full_time,2024-07-31T22:09:04Z,,
welcometothejungle.com,18,Data Scientist- Remote CZ,https://www.welcometothejungle.com/cs/companies/quadient/jobs/data-scientist-remote-cz_hradec-kralove,Quadient,Hradec Kralove,full_time,2024-07-24T01:27:47Z,,
welcometothejungle.com,19,Database Administrator,https://www.welcometothejungle.com/cs/companies/livesport/jobs/database-administrator_prague,Livesport,Prague,full_time,2024-09-19T23:49:24Z,,
welcometothejungle.com,20,Datab√°zov√Ω specialista (m/≈æ),https://www.welcometothejungle.com/cs/companies/kooperativa/jobs/databazovy-specialista-m-z_brno_KOOPE_lxjLAV8,Kooperativa,Brno,full_time,2024-08-23T01:30:32Z,,
welcometothejungle.com,21,AI Architect,https://www.welcometothejungle.com/cs/companies/ceska-sporitelna/jobs/ai-architect_praha,ƒåesk√° spo≈ôitelna,Prague,full_time,2024-08-30T00:28:27Z,,
welcometothejungle.com,22,AI Specialista,https://www.welcometothejungle.com/cs/companies/ceska-posta/jobs/ai-specialista_usti-nad-labem,ƒåesk√° po≈°ta,Usti Nad Labem,full_time,2024-09-20T00:47:58Z,,
welcometothejungle.com,23,BI ANALYST - ESIF,https://www.welcometothejungle.com/cs/companies/raiffeisenbank/jobs/bi-analyst-esif_praha,Raiffeisenbank,Prague,full_time,2024-09-19T01:19:13Z,,
welcometothejungle.com,24,"Podpora audit≈Ø, informaƒçn√≠ bezpeƒçnosti a ochrany dat - poloviƒçn√≠ √∫vazek",https://www.welcometothejungle.com/cs/companies/mannhummel/jobs/podpora-auditu-informacni-bezpecnosti-a-ochrany-dat-polovicni-uvazek_brno,MANN+HUMMEL Service (Shared Service Centre),Brno,full_time,2024-09-17T12:20:27Z,,
